{
    "rmse": 0.6845970498622908,
    "mae": 0.5349544924874654,
    "r2": 0.31188794497114714
}